{
  "execPath": "C:/Users/Greig/.platformio/packages/toolchain-atmelavr/bin/avr-g++.exe",
  "gccDefaultCFlags": "-fsyntax-only -std=gnu11 -g -Os -Wall -ffunction-sections -fdata-sections -mmcu=atmega328p -DF_CPU=16000000L -DPLATFORMIO=030001 -DARDUINO_ARCH_AVR -DARDUINO_AVR_UNO -DARDUINO=10608",
  "gccDefaultCppFlags": "-fsyntax-only -fno-exceptions -fno-threadsafe-statics -std=gnu++11 -g -Os -Wall -ffunction-sections -fdata-sections -mmcu=atmega328p -DF_CPU=16000000L -DPLATFORMIO=030001 -DARDUINO_ARCH_AVR -DARDUINO_AVR_UNO -DARDUINO=10608",
  "gccErrorLimit": 15,
  "gccIncludePaths": "C:/Users/Greig/.platformio/packages/framework-arduinoavr/cores/arduino,C:/Users/Greig/.platformio/packages/framework-arduinoavr/variants/standard,C:/repo/BuzzJam2/dmx/.piolibdeps/DmxMaster_ID82,C:/repo/BuzzJam2/dmx/src,C:/repo/BuzzJam2/dmx/.piolibdeps/DmxMaster_ID82,C:/Users/Greig/.platformio/packages/framework-arduinoavr/libraries/Bridge/src,C:/Users/Greig/.platformio/packages/framework-arduinoavr/libraries/EEPROM/src,C:/Users/Greig/.platformio/packages/framework-arduinoavr/libraries/Esplora/src,C:/Users/Greig/.platformio/packages/framework-arduinoavr/libraries/Ethernet/src,C:/Users/Greig/.platformio/packages/framework-arduinoavr/libraries/Firmata,C:/Users/Greig/.platformio/packages/framework-arduinoavr/libraries/Firmata/utility,C:/Users/Greig/.platformio/packages/framework-arduinoavr/libraries/GSM/src,C:/Users/Greig/.platformio/packages/framework-arduinoavr/libraries/HID/src,C:/Users/Greig/.platformio/packages/framework-arduinoavr/libraries/Keyboard/src,C:/Users/Greig/.platformio/packages/framework-arduinoavr/libraries/LiquidCrystal/src,C:/Users/Greig/.platformio/packages/framework-arduinoavr/libraries/Mouse/src,C:/Users/Greig/.platformio/packages/framework-arduinoavr/libraries/RobotIRremote/src,C:/Users/Greig/.platformio/packages/framework-arduinoavr/libraries/Robot_Control/src,C:/Users/Greig/.platformio/packages/framework-arduinoavr/libraries/Robot_Motor/src,C:/Users/Greig/.platformio/packages/framework-arduinoavr/libraries/SD/src,C:/Users/Greig/.platformio/packages/framework-arduinoavr/libraries/SPI/src,C:/Users/Greig/.platformio/packages/framework-arduinoavr/libraries/Scheduler/src,C:/Users/Greig/.platformio/packages/framework-arduinoavr/libraries/Servo/src,C:/Users/Greig/.platformio/packages/framework-arduinoavr/libraries/SoftwareSerial/src,C:/Users/Greig/.platformio/packages/framework-arduinoavr/libraries/SpacebrewYun/src,C:/Users/Greig/.platformio/packages/framework-arduinoavr/libraries/Stepper/src,C:/Users/Greig/.platformio/packages/framework-arduinoavr/libraries/TFT/src,C:/Users/Greig/.platformio/packages/framework-arduinoavr/libraries/Temboo/src,C:/Users/Greig/.platformio/packages/framework-arduinoavr/libraries/USBHost/src,C:/Users/Greig/.platformio/packages/framework-arduinoavr/libraries/WiFi/src,C:/Users/Greig/.platformio/packages/framework-arduinoavr/libraries/Wire/src,C:/Users/Greig/.platformio/packages/toolchain-atmelavr/avr/include,C:/Users/Greig/.platformio/packages/toolchain-atmelavr/lib/gcc/avr/4.8.1/include,C:/Users/Greig/.platformio/packages/toolchain-atmelavr/lib/gcc/avr/4.8.1/include-fixed",
  "gccSuppressWarnings": false
}
