{
    "name": "DmxMaster", 
    "repository": {
        "url": "https://github.com/TinkerKit/DmxMaster.git", 
        "type": "git"
    }, 
    "platforms": [
        "atmelavr"
    ], 
    "frameworks": [
        "arduino"
    ], 
    "version": "7bf0282c54", 
    "authors": [
        {
            "maintainer": false, 
            "name": "TinkerKit", 
            "url": "https://github.com/TinkerKit", 
            "email": "info@tinkerkit.com"
        }
    ], 
    "keywords": [
        "dmx"
    ], 
    "id": 82, 
    "description": "Send and receive DMX signals"
}